"STATION","NAME","LATITUDE","LONGITUDE","ELEVATION","DATE","PRCP","SNWD","TMAX","TMIN","TOBS","WT01"
"USW00023272","SAN FRANCISCO DOWNTOWN, CA US","37.7705","-122.4269","45.7","2025-01-01","0.00",,"54","45","50",
"USW00023272","SAN FRANCISCO DOWNTOWN, CA US","37.7705","-122.4269","45.7","2025-01-02","0.00",,"58","48","52",
"USW00023272","SAN FRANCISCO DOWNTOWN, CA US","37.7705","-122.4269","45.7","2025-01-03","0.18",,"57","51","51",
"USW00023272","SAN FRANCISCO DOWNTOWN, CA US","37.7705","-122.4269","45.7","2025-01-04","0.00",,"56","48","49",
"USW00023272","SAN FRANCISCO DOWNTOWN, CA US","37.7705","-122.4269","45.7","2025-01-05","0.00",,"61","47","50",
"USW00023272","SAN FRANCISCO DOWNTOWN, CA US","37.7705","-122.4269","45.7","2025-01-06","0.01",,"57","48","51",
"USW00023272","SAN FRANCISCO DOWNTOWN, CA US","37.7705","-122.4269","45.7","2025-01-07","0.00",,"66","51","62",
"USW00023272","SAN FRANCISCO DOWNTOWN, CA US","37.7705","-122.4269","45.7","2025-01-08","0.00",,"66","51","51",
"USW00023272","SAN FRANCISCO DOWNTOWN, CA US","37.7705","-122.4269","45.7","2025-01-09","0.00",,"68","48","56",
"USW00023272","SAN FRANCISCO DOWNTOWN, CA US","37.7705","-122.4269","45.7","2025-01-10","0.00",,"65","50","51",
"USW00023272","SAN FRANCISCO DOWNTOWN, CA US","37.7705","-122.4269","45.7","2025-01-11","0.00",,"66","48","60",
"USW00023272","SAN FRANCISCO DOWNTOWN, CA US","37.7705","-122.4269","45.7","2025-01-12","0.00",,"65","50","50",
"USW00023272","SAN FRANCISCO DOWNTOWN, CA US","37.7705","-122.4269","45.7","2025-01-13","0.00",,"62","49","49",
"USW00023272","SAN FRANCISCO DOWNTOWN, CA US","37.7705","-122.4269","45.7","2025-01-14","0.00",,"62","45","50",
"USW00023272","SAN FRANCISCO DOWNTOWN, CA US","37.7705","-122.4269","45.7","2025-01-15","0.00",,"60","46","50",
"USW00023272","SAN FRANCISCO DOWNTOWN, CA US","37.7705","-122.4269","45.7","2025-01-16","0.00",,"62","46","48",
"USW00023272","SAN FRANCISCO DOWNTOWN, CA US","37.7705","-122.4269","45.7","2025-01-17","0.00",,"53","46","49",
"USW00023272","SAN FRANCISCO DOWNTOWN, CA US","37.7705","-122.4269","45.7","2025-01-18","0.00",,"56","47","47",
"USW00023272","SAN FRANCISCO DOWNTOWN, CA US","37.7705","-122.4269","45.7","2025-01-19","0.00",,"51","46","47",
"USW00023272","SAN FRANCISCO DOWNTOWN, CA US","37.7705","-122.4269","45.7","2025-01-20","0.00",,"63","42","50",
"USW00023272","SAN FRANCISCO DOWNTOWN, CA US","37.7705","-122.4269","45.7","2025-01-21","0.00",,"61","44","49",
"USW00023272","SAN FRANCISCO DOWNTOWN, CA US","37.7705","-122.4269","45.7","2025-01-22","0.00",,"65","44","51",
"USW00023272","SAN FRANCISCO DOWNTOWN, CA US","37.7705","-122.4269","45.7","2025-01-23","0.00",,"69","49","54",
"USW00023272","SAN FRANCISCO DOWNTOWN, CA US","37.7705","-122.4269","45.7","2025-01-24","0.00",,"61","47","51",
"USW00023272","SAN FRANCISCO DOWNTOWN, CA US","37.7705","-122.4269","45.7","2025-01-25","0.00",,"58","47","50",
"USW00023272","SAN FRANCISCO DOWNTOWN, CA US","37.7705","-122.4269","45.7","2025-01-26","0.00",,"57","47","47",
"USW00023272","SAN FRANCISCO DOWNTOWN, CA US","37.7705","-122.4269","45.7","2025-01-27","0.00",,"61","42","50",
"USW00023272","SAN FRANCISCO DOWNTOWN, CA US","37.7705","-122.4269","45.7","2025-01-28","0.00",,"56","46","48",
"USW00023272","SAN FRANCISCO DOWNTOWN, CA US","37.7705","-122.4269","45.7","2025-01-29","0.00",,"54","47","49",
"USW00023272","SAN FRANCISCO DOWNTOWN, CA US","37.7705","-122.4269","45.7","2025-01-30","0.00",,"53","47","48",
"USW00023272","SAN FRANCISCO DOWNTOWN, CA US","37.7705","-122.4269","45.7","2025-01-31","0.31",,"54","48","54",
"USW00023272","SAN FRANCISCO DOWNTOWN, CA US","37.7705","-122.4269","45.7","2025-02-01","0.60","0.0","59","53",,
"USW00023272","SAN FRANCISCO DOWNTOWN, CA US","37.7705","-122.4269","45.7","2025-02-02","0.17","0.0","58","57",,
"USW00023272","SAN FRANCISCO DOWNTOWN, CA US","37.7705","-122.4269","45.7","2025-02-03","0.13","0.0","61","54",,
"USW00023272","SAN FRANCISCO DOWNTOWN, CA US","37.7705","-122.4269","45.7","2025-02-04","2.89","0.0","59","46",,
"USW00023272","SAN FRANCISCO DOWNTOWN, CA US","37.7705","-122.4269","45.7","2025-02-05","0.00","0.0","55","42",,
"USW00023272","SAN FRANCISCO DOWNTOWN, CA US","37.7705","-122.4269","45.7","2025-02-06","0.58","0.0","60","44",,
"USW00023272","SAN FRANCISCO DOWNTOWN, CA US","37.7705","-122.4269","45.7","2025-02-07","0.10","0.0","56","47",,
"USW00023272","SAN FRANCISCO DOWNTOWN, CA US","37.7705","-122.4269","45.7","2025-02-08","0.00","0.0","55","43",,
"USW00023272","SAN FRANCISCO DOWNTOWN, CA US","37.7705","-122.4269","45.7","2025-02-09","0.00","0.0","56","42",,
"USW00023272","SAN FRANCISCO DOWNTOWN, CA US","37.7705","-122.4269","45.7","2025-02-10","0.00","0.0","57","42",,
"USW00023272","SAN FRANCISCO DOWNTOWN, CA US","37.7705","-122.4269","45.7","2025-02-11","0.02","0.0","52","42",,
"USW00023272","SAN FRANCISCO DOWNTOWN, CA US","37.7705","-122.4269","45.7","2025-02-12","0.23","0.0","53","45",,
"USW00023272","SAN FRANCISCO DOWNTOWN, CA US","37.7705","-122.4269","45.7","2025-02-13","1.91","0.0","58","50",,
"USW00023272","SAN FRANCISCO DOWNTOWN, CA US","37.7705","-122.4269","45.7","2025-02-14","0.01","0.0","55","48",,
"USW00023272","SAN FRANCISCO DOWNTOWN, CA US","37.7705","-122.4269","45.7","2025-02-15","0.00","0.0","59","44",,
"USW00023272","SAN FRANCISCO DOWNTOWN, CA US","37.7705","-122.4269","45.7","2025-02-16","0.00","0.0","60","47",,
"USW00023272","SAN FRANCISCO DOWNTOWN, CA US","37.7705","-122.4269","45.7","2025-02-17","0.00","0.0","57","47",,
"USW00023272","SAN FRANCISCO DOWNTOWN, CA US","37.7705","-122.4269","45.7","2025-02-18","0.00","0.0","62","46",,
"USW00023272","SAN FRANCISCO DOWNTOWN, CA US","37.7705","-122.4269","45.7","2025-02-19","0.04","0.0","58","50",,
"USW00023272","SAN FRANCISCO DOWNTOWN, CA US","37.7705","-122.4269","45.7","2025-02-20","0.00","0.0","64","47",,
"USW00023272","SAN FRANCISCO DOWNTOWN, CA US","37.7705","-122.4269","45.7","2025-02-21","0.00","0.0","66","48",,
"USW00023272","SAN FRANCISCO DOWNTOWN, CA US","37.7705","-122.4269","45.7","2025-02-22","0.00","0.0","66","47",,
"USW00023272","SAN FRANCISCO DOWNTOWN, CA US","37.7705","-122.4269","45.7","2025-02-23","0.00","0.0","62","51",,
"USW00023272","SAN FRANCISCO DOWNTOWN, CA US","37.7705","-122.4269","45.7","2025-02-24","0.01","0.0","63","51",,"    1"
"USW00023272","SAN FRANCISCO DOWNTOWN, CA US","37.7705","-122.4269","45.7","2025-02-25","0.00","0.0","64","49",,
"USW00023272","SAN FRANCISCO DOWNTOWN, CA US","37.7705","-122.4269","45.7","2025-02-26","0.00","0.0","70","48",,
"USW00023272","SAN FRANCISCO DOWNTOWN, CA US","37.7705","-122.4269","45.7","2025-02-27","0.00","0.0","72","53",,
"USW00023272","SAN FRANCISCO DOWNTOWN, CA US","37.7705","-122.4269","45.7","2025-02-28","0.00","0.0","71","49",,
"USW00023272","SAN FRANCISCO DOWNTOWN, CA US","37.7705","-122.4269","45.7","2025-03-01","0.04","0.0","56","49",,
"USW00023272","SAN FRANCISCO DOWNTOWN, CA US","37.7705","-122.4269","45.7","2025-03-02","0.11","0.0","55","48",,
"USW00023272","SAN FRANCISCO DOWNTOWN, CA US","37.7705","-122.4269","45.7","2025-03-03","0.00","0.0","58","46",,
"USW00023272","SAN FRANCISCO DOWNTOWN, CA US","37.7705","-122.4269","45.7","2025-03-04","0.00","0.0","59","49",,
"USW00023272","SAN FRANCISCO DOWNTOWN, CA US","37.7705","-122.4269","45.7","2025-03-05","0.00","0.0","54","48",,
"USW00023272","SAN FRANCISCO DOWNTOWN, CA US","37.7705","-122.4269","45.7","2025-03-06","0.00","0.0","57","46",,
"USW00023272","SAN FRANCISCO DOWNTOWN, CA US","37.7705","-122.4269","45.7","2025-03-07","0.00","0.0","63","46",,
"USW00023272","SAN FRANCISCO DOWNTOWN, CA US","37.7705","-122.4269","45.7","2025-03-08","0.00","0.0","59","46",,
"USW00023272","SAN FRANCISCO DOWNTOWN, CA US","37.7705","-122.4269","45.7","2025-03-09","0.00","0.0",,,,
"USW00023272","SAN FRANCISCO DOWNTOWN, CA US","37.7705","-122.4269","45.7","2025-03-10","0.00","0.0","67","47",,
"USW00023272","SAN FRANCISCO DOWNTOWN, CA US","37.7705","-122.4269","45.7","2025-03-11","0.00","0.0","61","48",,
"USW00023272","SAN FRANCISCO DOWNTOWN, CA US","37.7705","-122.4269","45.7","2025-03-12","0.31","0.0","57","48",,
"USW00023272","SAN FRANCISCO DOWNTOWN, CA US","37.7705","-122.4269","45.7","2025-03-13","0.17","0.0","52","45",,
"USW00023272","SAN FRANCISCO DOWNTOWN, CA US","37.7705","-122.4269","45.7","2025-03-14","0.54","0.0","57","43",,
"USW00023272","SAN FRANCISCO DOWNTOWN, CA US","37.7705","-122.4269","45.7","2025-03-15","0.00","0.0","60","48",,
"USW00023272","SAN FRANCISCO DOWNTOWN, CA US","37.7705","-122.4269","45.7","2025-03-16","0.19","0.0","60","48",,
"USW00023272","SAN FRANCISCO DOWNTOWN, CA US","37.7705","-122.4269","45.7","2025-03-17","0.10","0.0","58","48",,
"USW00023272","SAN FRANCISCO DOWNTOWN, CA US","37.7705","-122.4269","45.7","2025-03-18","0.00","0.0","59","45",,
"USW00023272","SAN FRANCISCO DOWNTOWN, CA US","37.7705","-122.4269","45.7","2025-03-19","0.00","0.0","58","45",,
"USW00023272","SAN FRANCISCO DOWNTOWN, CA US","37.7705","-122.4269","45.7","2025-03-20","0.00","0.0","60","46",,
"USW00023272","SAN FRANCISCO DOWNTOWN, CA US","37.7705","-122.4269","45.7","2025-03-21","0.00","0.0","59","47",,
"USW00023272","SAN FRANCISCO DOWNTOWN, CA US","37.7705","-122.4269","45.7","2025-03-22","0.00","0.0","59","51",,
"USW00023272","SAN FRANCISCO DOWNTOWN, CA US","37.7705","-122.4269","45.7","2025-03-23","0.00","0.0","63","50",,
"USW00023272","SAN FRANCISCO DOWNTOWN, CA US","37.7705","-122.4269","45.7","2025-03-24","0.00","0.0","79","52",,
"USW00023272","SAN FRANCISCO DOWNTOWN, CA US","37.7705","-122.4269","45.7","2025-03-25","0.00","0.0","80","52",,
"USW00023272","SAN FRANCISCO DOWNTOWN, CA US","37.7705","-122.4269","45.7","2025-03-26","0.00","0.0","64","52",,
"USW00023272","SAN FRANCISCO DOWNTOWN, CA US","37.7705","-122.4269","45.7","2025-03-27","0.06","0.0","61","54",,
"USW00023272","SAN FRANCISCO DOWNTOWN, CA US","37.7705","-122.4269","45.7","2025-03-28","0.03","0.0","60","51",,
"USW00023272","SAN FRANCISCO DOWNTOWN, CA US","37.7705","-122.4269","45.7","2025-03-29","0.00","0.0","59","48",,
"USW00023272","SAN FRANCISCO DOWNTOWN, CA US","37.7705","-122.4269","45.7","2025-03-30","0.05","0.0","64","49",,
"USW00023272","SAN FRANCISCO DOWNTOWN, CA US","37.7705","-122.4269","45.7","2025-03-31","0.33","0.0","61","50",,
"USW00023272","SAN FRANCISCO DOWNTOWN, CA US","37.7705","-122.4269","45.7","2025-04-01","0.13","0.0","56","49",,
"USW00023272","SAN FRANCISCO DOWNTOWN, CA US","37.7705","-122.4269","45.7","2025-04-02","0.00","0.0","58","46",,
"USW00023272","SAN FRANCISCO DOWNTOWN, CA US","37.7705","-122.4269","45.7","2025-04-03","0.00","0.0","60","46",,
"USW00023272","SAN FRANCISCO DOWNTOWN, CA US","37.7705","-122.4269","45.7","2025-04-04","0.00","0.0","67","48",,
"USW00023272","SAN FRANCISCO DOWNTOWN, CA US","37.7705","-122.4269","45.7","2025-04-05","0.00","0.0","69","50",,
"USW00023272","SAN FRANCISCO DOWNTOWN, CA US","37.7705","-122.4269","45.7","2025-04-06","0.00","0.0","64","49",,
"USW00023272","SAN FRANCISCO DOWNTOWN, CA US","37.7705","-122.4269","45.7","2025-04-07","0.09","0.0","61","53",,
"USW00023272","SAN FRANCISCO DOWNTOWN, CA US","37.7705","-122.4269","45.7","2025-04-08","0.00","0.0","62","52",,
"USW00023272","SAN FRANCISCO DOWNTOWN, CA US","37.7705","-122.4269","45.7","2025-04-09","0.00","0.0","71","51",,
"USW00023272","SAN FRANCISCO DOWNTOWN, CA US","37.7705","-122.4269","45.7","2025-04-10","0.00","0.0","65","50",,
"USW00023272","SAN FRANCISCO DOWNTOWN, CA US","37.7705","-122.4269","45.7","2025-04-11","0.00","0.0","63","50",,
"USW00023272","SAN FRANCISCO DOWNTOWN, CA US","37.7705","-122.4269","45.7","2025-04-12","0.00","0.0","61","48",,
"USW00023272","SAN FRANCISCO DOWNTOWN, CA US","37.7705","-122.4269","45.7","2025-04-13","0.00","0.0","73","48",,
"USW00023272","SAN FRANCISCO DOWNTOWN, CA US","37.7705","-122.4269","45.7","2025-04-14","0.00","0.0","60","50",,
"USW00023272","SAN FRANCISCO DOWNTOWN, CA US","37.7705","-122.4269","45.7","2025-04-15","0.00","0.0","61","52",,
"USW00023272","SAN FRANCISCO DOWNTOWN, CA US","37.7705","-122.4269","45.7","2025-04-16","0.00","0.0","59","53",,
"USW00023272","SAN FRANCISCO DOWNTOWN, CA US","37.7705","-122.4269","45.7","2025-04-17","0.03","0.0","60","50",,
"USW00023272","SAN FRANCISCO DOWNTOWN, CA US","37.7705","-122.4269","45.7","2025-04-18","0.00","0.0","58","50",,
"USW00023272","SAN FRANCISCO DOWNTOWN, CA US","37.7705","-122.4269","45.7","2025-04-19","0.00","0.0","60","50",,
"USW00023272","SAN FRANCISCO DOWNTOWN, CA US","37.7705","-122.4269","45.7","2025-04-20","0.00",,"58","50",,
"USW00023272","SAN FRANCISCO DOWNTOWN, CA US","37.7705","-122.4269","45.7","2025-04-21","0.00",,"64","49",,
"USW00023272","SAN FRANCISCO DOWNTOWN, CA US","37.7705","-122.4269","45.7","2025-04-22","0.00",,"61","50",,
"USW00023272","SAN FRANCISCO DOWNTOWN, CA US","37.7705","-122.4269","45.7","2025-04-23","0.00",,"56","49",,
"USW00023272","SAN FRANCISCO DOWNTOWN, CA US","37.7705","-122.4269","45.7","2025-04-24","0.00",,"56","50",,
"USW00023272","SAN FRANCISCO DOWNTOWN, CA US","37.7705","-122.4269","45.7","2025-04-25","0.00",,"59","50",,
"USW00023272","SAN FRANCISCO DOWNTOWN, CA US","37.7705","-122.4269","45.7","2025-04-26","0.02",,"58","48",,
"USW00023272","SAN FRANCISCO DOWNTOWN, CA US","37.7705","-122.4269","45.7","2025-04-27","0.01",,"60","50",,
"USW00023272","SAN FRANCISCO DOWNTOWN, CA US","37.7705","-122.4269","45.7","2025-04-28","0.00",,"62","49",,
"USW00023272","SAN FRANCISCO DOWNTOWN, CA US","37.7705","-122.4269","45.7","2025-04-29","0.00",,"64","50",,
"USW00023272","SAN FRANCISCO DOWNTOWN, CA US","37.7705","-122.4269","45.7","2025-04-30","0.00","0.0","64","53",,
"USW00023272","SAN FRANCISCO DOWNTOWN, CA US","37.7705","-122.4269","45.7","2025-05-01","0.00","0.0","59","50",,
"USW00023272","SAN FRANCISCO DOWNTOWN, CA US","37.7705","-122.4269","45.7","2025-05-02","0.00","0.0","58","49",,
"USW00023272","SAN FRANCISCO DOWNTOWN, CA US","37.7705","-122.4269","45.7","2025-05-03","0.00","0.0","59","50",,
"USW00023272","SAN FRANCISCO DOWNTOWN, CA US","37.7705","-122.4269","45.7","2025-05-04","0.00","0.0","63","49",,
"USW00023272","SAN FRANCISCO DOWNTOWN, CA US","37.7705","-122.4269","45.7","2025-05-05","0.00","0.0","82","55",,
"USW00023272","SAN FRANCISCO DOWNTOWN, CA US","37.7705","-122.4269","45.7","2025-05-06","0.00","0.0","66","53",,
"USW00023272","SAN FRANCISCO DOWNTOWN, CA US","37.7705","-122.4269","45.7","2025-05-07","0.00","0.0","61","50",,
"USW00023272","SAN FRANCISCO DOWNTOWN, CA US","37.7705","-122.4269","45.7","2025-05-08","0.00","0.0","66","50",,
"USW00023272","SAN FRANCISCO DOWNTOWN, CA US","37.7705","-122.4269","45.7","2025-05-09","0.00","0.0","70","51",,
"USW00023272","SAN FRANCISCO DOWNTOWN, CA US","37.7705","-122.4269","45.7","2025-05-10","0.00","0.0","67","51",,
"USW00023272","SAN FRANCISCO DOWNTOWN, CA US","37.7705","-122.4269","45.7","2025-05-11","0.00","0.0","60","51",,
"USW00023272","SAN FRANCISCO DOWNTOWN, CA US","37.7705","-122.4269","45.7","2025-05-12","0.15","0.0","62","52",,
"USW00023272","SAN FRANCISCO DOWNTOWN, CA US","37.7705","-122.4269","45.7","2025-05-13","0.00","0.0","62","51",,
"USW00023272","SAN FRANCISCO DOWNTOWN, CA US","37.7705","-122.4269","45.7","2025-05-14","0.00","0.0","62","51",,
"USW00023272","SAN FRANCISCO DOWNTOWN, CA US","37.7705","-122.4269","45.7","2025-05-15","0.00","0.0","65","51",,
"USW00023272","SAN FRANCISCO DOWNTOWN, CA US","37.7705","-122.4269","45.7","2025-05-16","0.00","0.0","67","51",,
"USW00023272","SAN FRANCISCO DOWNTOWN, CA US","37.7705","-122.4269","45.7","2025-05-17","0.00","0.0","59","50",,
"USW00023272","SAN FRANCISCO DOWNTOWN, CA US","37.7705","-122.4269","45.7","2025-05-18","0.00","0.0","66","50",,
"USW00023272","SAN FRANCISCO DOWNTOWN, CA US","37.7705","-122.4269","45.7","2025-05-19","0.00","0.0","68","53",,
"USW00023272","SAN FRANCISCO DOWNTOWN, CA US","37.7705","-122.4269","45.7","2025-05-20","0.00","0.0","67","51",,
"USW00023272","SAN FRANCISCO DOWNTOWN, CA US","37.7705","-122.4269","45.7","2025-05-21","0.00","0.0","67","51",,
"USW00023272","SAN FRANCISCO DOWNTOWN, CA US","37.7705","-122.4269","45.7","2025-05-22","0.00","0.0","62","51",,
"USW00023272","SAN FRANCISCO DOWNTOWN, CA US","37.7705","-122.4269","45.7","2025-05-23","0.00","0.0","58","50",,
"USW00023272","SAN FRANCISCO DOWNTOWN, CA US","37.7705","-122.4269","45.7","2025-05-24","0.00","0.0","59","50",,
"USW00023272","SAN FRANCISCO DOWNTOWN, CA US","37.7705","-122.4269","45.7","2025-05-25","0.00","0.0","60","51",,
"USW00023272","SAN FRANCISCO DOWNTOWN, CA US","37.7705","-122.4269","45.7","2025-05-26","0.01","0.0","62","52",,
"USW00023272","SAN FRANCISCO DOWNTOWN, CA US","37.7705","-122.4269","45.7","2025-05-27","0.00","0.0","65","51",,
"USW00023272","SAN FRANCISCO DOWNTOWN, CA US","37.7705","-122.4269","45.7","2025-05-28","0.00","0.0","60","52",,
"USW00023272","SAN FRANCISCO DOWNTOWN, CA US","37.7705","-122.4269","45.7","2025-05-29","0.00","0.0","66","52",,
"USW00023272","SAN FRANCISCO DOWNTOWN, CA US","37.7705","-122.4269","45.7","2025-05-30","0.00","0.0","75","52",,
"USW00023272","SAN FRANCISCO DOWNTOWN, CA US","37.7705","-122.4269","45.7","2025-05-31","0.00","0.0","74","53",,
"USW00023272","SAN FRANCISCO DOWNTOWN, CA US","37.7705","-122.4269","45.7","2025-06-01","0.00","0.0","60","52",,
"USW00023272","SAN FRANCISCO DOWNTOWN, CA US","37.7705","-122.4269","45.7","2025-06-02","0.00","0.0","65","52",,
"USW00023272","SAN FRANCISCO DOWNTOWN, CA US","37.7705","-122.4269","45.7","2025-06-03","0.00","0.0","66","54",,
"USW00023272","SAN FRANCISCO DOWNTOWN, CA US","37.7705","-122.4269","45.7","2025-06-04","0.00","0.0","64","53",,
"USW00023272","SAN FRANCISCO DOWNTOWN, CA US","37.7705","-122.4269","45.7","2025-06-05","0.00","0.0","65","55",,
"USW00023272","SAN FRANCISCO DOWNTOWN, CA US","37.7705","-122.4269","45.7","2025-06-06","0.00","0.0","65","55",,
"USW00023272","SAN FRANCISCO DOWNTOWN, CA US","37.7705","-122.4269","45.7","2025-06-07","0.00","0.0","61","54",,
"USW00023272","SAN FRANCISCO DOWNTOWN, CA US","37.7705","-122.4269","45.7","2025-06-08","0.00","0.0","60","53",,
"USW00023272","SAN FRANCISCO DOWNTOWN, CA US","37.7705","-122.4269","45.7","2025-06-09","0.00","0.0","58","53",,
"USW00023272","SAN FRANCISCO DOWNTOWN, CA US","37.7705","-122.4269","45.7","2025-06-10","0.00","0.0","59","52",,
"USW00023272","SAN FRANCISCO DOWNTOWN, CA US","37.7705","-122.4269","45.7","2025-06-11","0.00","0.0","59","52",,
"USW00023272","SAN FRANCISCO DOWNTOWN, CA US","37.7705","-122.4269","45.7","2025-06-12","0.00","0.0","59","51",,
"USW00023272","SAN FRANCISCO DOWNTOWN, CA US","37.7705","-122.4269","45.7","2025-06-13","0.00","0.0","60","50",,
"USW00023272","SAN FRANCISCO DOWNTOWN, CA US","37.7705","-122.4269","45.7","2025-06-14","0.00","0.0","62","51",,
"USW00023272","SAN FRANCISCO DOWNTOWN, CA US","37.7705","-122.4269","45.7","2025-06-15","0.00","0.0","63","52",,
"USW00023272","SAN FRANCISCO DOWNTOWN, CA US","37.7705","-122.4269","45.7","2025-06-16","0.00","0.0","60","50",,
"USW00023272","SAN FRANCISCO DOWNTOWN, CA US","37.7705","-122.4269","45.7","2025-06-17","0.00","0.0","65","52",,
"USW00023272","SAN FRANCISCO DOWNTOWN, CA US","37.7705","-122.4269","45.7","2025-06-18","0.00","0.0","69","51",,
"USW00023272","SAN FRANCISCO DOWNTOWN, CA US","37.7705","-122.4269","45.7","2025-06-19","0.00","0.0","60","52",,
"USW00023272","SAN FRANCISCO DOWNTOWN, CA US","37.7705","-122.4269","45.7","2025-06-20","0.00","0.0","62","51",,
"USW00023272","SAN FRANCISCO DOWNTOWN, CA US","37.7705","-122.4269","45.7","2025-06-21","0.00","0.0","67","52",,
"USW00023272","SAN FRANCISCO DOWNTOWN, CA US","37.7705","-122.4269","45.7","2025-06-22","0.00","0.0","68","53",,
"USW00023272","SAN FRANCISCO DOWNTOWN, CA US","37.7705","-122.4269","45.7","2025-06-23","0.00","0.0","64","52",,
"USW00023272","SAN FRANCISCO DOWNTOWN, CA US","37.7705","-122.4269","45.7","2025-06-24","0.01","0.0","59","52",,
"USW00023272","SAN FRANCISCO DOWNTOWN, CA US","37.7705","-122.4269","45.7","2025-06-25","0.00","0.0","60","52",,
"USW00023272","SAN FRANCISCO DOWNTOWN, CA US","37.7705","-122.4269","45.7","2025-06-26","0.00","0.0","66","51",,
"USW00023272","SAN FRANCISCO DOWNTOWN, CA US","37.7705","-122.4269","45.7","2025-06-27","0.00","0.0","70","53",,
"USW00023272","SAN FRANCISCO DOWNTOWN, CA US","37.7705","-122.4269","45.7","2025-06-28","0.00","0.0","67","52",,
"USW00023272","SAN FRANCISCO DOWNTOWN, CA US","37.7705","-122.4269","45.7","2025-06-29","0.00","0.0","66","51",,
"USW00023272","SAN FRANCISCO DOWNTOWN, CA US","37.7705","-122.4269","45.7","2025-06-30","0.00","0.0","61","52",,
"USW00023272","SAN FRANCISCO DOWNTOWN, CA US","37.7705","-122.4269","45.7","2025-07-01","0.00","0.0","65","53",,
"USW00023272","SAN FRANCISCO DOWNTOWN, CA US","37.7705","-122.4269","45.7","2025-07-02","0.00","0.0","62","53",,
"USW00023272","SAN FRANCISCO DOWNTOWN, CA US","37.7705","-122.4269","45.7","2025-07-03","0.00","0.0","60","54",,
"USW00023272","SAN FRANCISCO DOWNTOWN, CA US","37.7705","-122.4269","45.7","2025-07-04","0.00","0.0","62","53",,
"USW00023272","SAN FRANCISCO DOWNTOWN, CA US","37.7705","-122.4269","45.7","2025-07-05","0.00","0.0","63","52",,
"USW00023272","SAN FRANCISCO DOWNTOWN, CA US","37.7705","-122.4269","45.7","2025-07-06","0.00","0.0","65","52",,
"USW00023272","SAN FRANCISCO DOWNTOWN, CA US","37.7705","-122.4269","45.7","2025-07-07","0.00","0.0","64","52",,
"USW00023272","SAN FRANCISCO DOWNTOWN, CA US","37.7705","-122.4269","45.7","2025-07-08","0.00","0.0","66","56",,
"USW00023272","SAN FRANCISCO DOWNTOWN, CA US","37.7705","-122.4269","45.7","2025-07-09","0.00","0.0","61","54",,
"USW00023272","SAN FRANCISCO DOWNTOWN, CA US","37.7705","-122.4269","45.7","2025-07-10","0.00","0.0","77","53",,
"USW00023272","SAN FRANCISCO DOWNTOWN, CA US","37.7705","-122.4269","45.7","2025-07-11","0.00","0.0","66","55",,
"USW00023272","SAN FRANCISCO DOWNTOWN, CA US","37.7705","-122.4269","45.7","2025-07-12","0.00","0.0","64","54",,
"USW00023272","SAN FRANCISCO DOWNTOWN, CA US","37.7705","-122.4269","45.7","2025-07-13","0.00","0.0","63","54",,
"USW00023272","SAN FRANCISCO DOWNTOWN, CA US","37.7705","-122.4269","45.7","2025-07-14","0.00","0.0","66","54",,
"USW00023272","SAN FRANCISCO DOWNTOWN, CA US","37.7705","-122.4269","45.7","2025-07-15","0.00","0.0","64","54",,
"USW00023272","SAN FRANCISCO DOWNTOWN, CA US","37.7705","-122.4269","45.7","2025-07-16","0.00","0.0","65","55",,
"USW00023272","SAN FRANCISCO DOWNTOWN, CA US","37.7705","-122.4269","45.7","2025-07-17","0.00","0.0","65","56",,
"USW00023272","SAN FRANCISCO DOWNTOWN, CA US","37.7705","-122.4269","45.7","2025-07-18","0.00","0.0","64","55",,
"USW00023272","SAN FRANCISCO DOWNTOWN, CA US","37.7705","-122.4269","45.7","2025-07-19","0.00","0.0","62","54",,
"USW00023272","SAN FRANCISCO DOWNTOWN, CA US","37.7705","-122.4269","45.7","2025-07-20","0.00","0.0","60","54",,
"USW00023272","SAN FRANCISCO DOWNTOWN, CA US","37.7705","-122.4269","45.7","2025-07-21","0.02","0.0","62","57",,
"USW00023272","SAN FRANCISCO DOWNTOWN, CA US","37.7705","-122.4269","45.7","2025-07-22","0.01","0.0","65","57",,
"USW00023272","SAN FRANCISCO DOWNTOWN, CA US","37.7705","-122.4269","45.7","2025-07-23","0.00","0.0","66","56",,
"USW00023272","SAN FRANCISCO DOWNTOWN, CA US","37.7705","-122.4269","45.7","2025-07-24","0.00","0.0","65","56",,
"USW00023272","SAN FRANCISCO DOWNTOWN, CA US","37.7705","-122.4269","45.7","2025-07-25","0.02","0.0","63","55",,
"USW00023272","SAN FRANCISCO DOWNTOWN, CA US","37.7705","-122.4269","45.7","2025-07-26","0.02","0.0","63","56",,
"USW00023272","SAN FRANCISCO DOWNTOWN, CA US","37.7705","-122.4269","45.7","2025-07-27","0.01","0.0","62","56",,
"USW00023272","SAN FRANCISCO DOWNTOWN, CA US","37.7705","-122.4269","45.7","2025-07-28","0.00","0.0","66","58",,
"USW00023272","SAN FRANCISCO DOWNTOWN, CA US","37.7705","-122.4269","45.7","2025-07-29","0.00","0.0","66","58",,
"USW00023272","SAN FRANCISCO DOWNTOWN, CA US","37.7705","-122.4269","45.7","2025-07-30","0.00","0.0","62","56",,
"USW00023272","SAN FRANCISCO DOWNTOWN, CA US","37.7705","-122.4269","45.7","2025-07-31","0.00","0.0","69","56",,
"USW00023272","SAN FRANCISCO DOWNTOWN, CA US","37.7705","-122.4269","45.7","2025-08-01","0.00","0.0","64","54",,
"USW00023272","SAN FRANCISCO DOWNTOWN, CA US","37.7705","-122.4269","45.7","2025-08-02","0.00","0.0","63","54",,
"USW00023272","SAN FRANCISCO DOWNTOWN, CA US","37.7705","-122.4269","45.7","2025-08-03","0.00","0.0","67","54",,
"USW00023272","SAN FRANCISCO DOWNTOWN, CA US","37.7705","-122.4269","45.7","2025-08-04","0.00","0.0","65","54",,
"USW00023272","SAN FRANCISCO DOWNTOWN, CA US","37.7705","-122.4269","45.7","2025-08-05","0.00","0.0","65","55",,
"USW00023272","SAN FRANCISCO DOWNTOWN, CA US","37.7705","-122.4269","45.7","2025-08-06","0.00","0.0","75","56",,
"USW00023272","SAN FRANCISCO DOWNTOWN, CA US","37.7705","-122.4269","45.7","2025-08-07","0.00","0.0","72","56",,
"USW00023272","SAN FRANCISCO DOWNTOWN, CA US","37.7705","-122.4269","45.7","2025-08-08","0.00","0.0","70","56",,
"USW00023272","SAN FRANCISCO DOWNTOWN, CA US","37.7705","-122.4269","45.7","2025-08-09","0.00","0.0","66","55",,
"USW00023272","SAN FRANCISCO DOWNTOWN, CA US","37.7705","-122.4269","45.7","2025-08-10","0.00","0.0","67","56",,
"USW00023272","SAN FRANCISCO DOWNTOWN, CA US","37.7705","-122.4269","45.7","2025-08-11","0.00","0.0","62","57",,
"USW00023272","SAN FRANCISCO DOWNTOWN, CA US","37.7705","-122.4269","45.7","2025-08-12","0.00","0.0","63","57",,
"USW00023272","SAN FRANCISCO DOWNTOWN, CA US","37.7705","-122.4269","45.7","2025-08-13","0.01","0.0","66","57",,
"USW00023272","SAN FRANCISCO DOWNTOWN, CA US","37.7705","-122.4269","45.7","2025-08-14","0.00","0.0","67","57",,
"USW00023272","SAN FRANCISCO DOWNTOWN, CA US","37.7705","-122.4269","45.7","2025-08-15","0.00","0.0","68","57",,
"USW00023272","SAN FRANCISCO DOWNTOWN, CA US","37.7705","-122.4269","45.7","2025-08-16","0.02","0.0","68","59",,
"USW00023272","SAN FRANCISCO DOWNTOWN, CA US","37.7705","-122.4269","45.7","2025-08-17","0.00","0.0","66","57",,
"USW00023272","SAN FRANCISCO DOWNTOWN, CA US","37.7705","-122.4269","45.7","2025-08-18","0.00","0.0","68","56",,
"USW00023272","SAN FRANCISCO DOWNTOWN, CA US","37.7705","-122.4269","45.7","2025-08-19","0.00","0.0","69","56",,
"USW00023272","SAN FRANCISCO DOWNTOWN, CA US","37.7705","-122.4269","45.7","2025-08-20","0.00","0.0","74","56",,
"USW00023272","SAN FRANCISCO DOWNTOWN, CA US","37.7705","-122.4269","45.7","2025-08-21","0.00","0.0","77","57",,
"USW00023272","SAN FRANCISCO DOWNTOWN, CA US","37.7705","-122.4269","45.7","2025-08-22","0.00","0.0","65","55",,
"USW00023272","SAN FRANCISCO DOWNTOWN, CA US","37.7705","-122.4269","45.7","2025-08-23","0.00","0.0","65","54",,
"USW00023272","SAN FRANCISCO DOWNTOWN, CA US","37.7705","-122.4269","45.7","2025-08-24","0.00","0.0","64","57",,
"USW00023272","SAN FRANCISCO DOWNTOWN, CA US","37.7705","-122.4269","45.7","2025-09-01","0.00",,"71","57","60",
"USW00023272","SAN FRANCISCO DOWNTOWN, CA US","37.7705","-122.4269","45.7","2025-09-02","0.00",,"73","57","60",
"USW00023272","SAN FRANCISCO DOWNTOWN, CA US","37.7705","-122.4269","45.7","2025-09-03","0.00",,"68","58","59",
"USW00023272","SAN FRANCISCO DOWNTOWN, CA US","37.7705","-122.4269","45.7","2025-09-04","0.00",,"65","57","60",
"USW00023272","SAN FRANCISCO DOWNTOWN, CA US","37.7705","-122.4269","45.7","2025-09-05","0.00",,"67","59","61",
"USW00023272","SAN FRANCISCO DOWNTOWN, CA US","37.7705","-122.4269","45.7","2025-09-06","0.00",,"70","61","61",
"USW00023272","SAN FRANCISCO DOWNTOWN, CA US","37.7705","-122.4269","45.7","2025-09-07","0.00",,"71","60","61",
"USW00023272","SAN FRANCISCO DOWNTOWN, CA US","37.7705","-122.4269","45.7","2025-09-08","0.03",,"74","60","65",
"USW00023272","SAN FRANCISCO DOWNTOWN, CA US","37.7705","-122.4269","45.7","2025-09-09","0.03",,"72","63","63",
"USW00023272","SAN FRANCISCO DOWNTOWN, CA US","37.7705","-122.4269","45.7","2025-09-10","0.02",,"69","61","63",
"USW00023272","SAN FRANCISCO DOWNTOWN, CA US","37.7705","-122.4269","45.7","2025-09-11","0.00",,"69","60","60",
"USW00023272","SAN FRANCISCO DOWNTOWN, CA US","37.7705","-122.4269","45.7","2025-09-12","0.00",,"66","59","60",
"USW00023272","SAN FRANCISCO DOWNTOWN, CA US","37.7705","-122.4269","45.7","2025-09-13","0.00",,"65","57","61",
"USW00023272","SAN FRANCISCO DOWNTOWN, CA US","37.7705","-122.4269","45.7","2025-09-14","0.00",,"68","59","59",
"USW00023272","SAN FRANCISCO DOWNTOWN, CA US","37.7705","-122.4269","45.7","2025-09-15","0.00",,"84","59","63",
"USW00023272","SAN FRANCISCO DOWNTOWN, CA US","37.7705","-122.4269","45.7","2025-09-16","0.00",,"71","58","58",
"USW00023272","SAN FRANCISCO DOWNTOWN, CA US","37.7705","-122.4269","45.7","2025-09-17","0.00",,"73","56","62",
"USW00023272","SAN FRANCISCO DOWNTOWN, CA US","37.7705","-122.4269","45.7","2025-09-18","0.00",,"65","59","59",
"USW00023272","SAN FRANCISCO DOWNTOWN, CA US","37.7705","-122.4269","45.7","2025-09-19","0.00",,"68","58","61",
"USW00023272","SAN FRANCISCO DOWNTOWN, CA US","37.7705","-122.4269","45.7","2025-09-20","0.00",,"68","60","61",
"USW00023272","SAN FRANCISCO DOWNTOWN, CA US","37.7705","-122.4269","45.7","2025-09-21","0.00",,"67","57","60",
"USW00023272","SAN FRANCISCO DOWNTOWN, CA US","37.7705","-122.4269","45.7","2025-09-22","0.00",,"74","57","62",
"USW00023272","SAN FRANCISCO DOWNTOWN, CA US","37.7705","-122.4269","45.7","2025-09-23","0.00",,"88","61","65",
"USW00023272","SAN FRANCISCO DOWNTOWN, CA US","37.7705","-122.4269","45.7","2025-09-24","0.00",,"77","63","65",
"USW00023272","SAN FRANCISCO DOWNTOWN, CA US","37.7705","-122.4269","45.7","2025-09-25","0.00",,"69","59","60",
"USW00023272","SAN FRANCISCO DOWNTOWN, CA US","37.7705","-122.4269","45.7","2025-09-26","0.00",,"72","58","60",
"USW00023272","SAN FRANCISCO DOWNTOWN, CA US","37.7705","-122.4269","45.7","2025-09-27","0.00",,"69","58","62",
"USW00023272","SAN FRANCISCO DOWNTOWN, CA US","37.7705","-122.4269","45.7","2025-09-28","0.00",,"68","60","65",
"USW00023272","SAN FRANCISCO DOWNTOWN, CA US","37.7705","-122.4269","45.7","2025-09-29","0.02",,"72","62","63",
"USW00023272","SAN FRANCISCO DOWNTOWN, CA US","37.7705","-122.4269","45.7","2025-09-30","0.01",,"71","63","65",
"USW00023272","SAN FRANCISCO DOWNTOWN, CA US","37.7705","-122.4269","45.7","2025-10-01","0.04",,"72","63","64",
"USW00023272","SAN FRANCISCO DOWNTOWN, CA US","37.7705","-122.4269","45.7","2025-10-02","0.08",,"66","60","61",
"USW00023272","SAN FRANCISCO DOWNTOWN, CA US","37.7705","-122.4269","45.7","2025-10-03","0.00",,"69","58","59",
"USW00023272","SAN FRANCISCO DOWNTOWN, CA US","37.7705","-122.4269","45.7","2025-10-04","0.00",,"68","56","57",
"USW00023272","SAN FRANCISCO DOWNTOWN, CA US","37.7705","-122.4269","45.7","2025-10-05","0.00",,"74","54","59",
"USW00023272","SAN FRANCISCO DOWNTOWN, CA US","37.7705","-122.4269","45.7","2025-10-06","0.00",,"84","58","65",
"USW00023272","SAN FRANCISCO DOWNTOWN, CA US","37.7705","-122.4269","45.7","2025-10-07","0.00",,"73","60","60",
"USW00023272","SAN FRANCISCO DOWNTOWN, CA US","37.7705","-122.4269","45.7","2025-10-08","0.00",,"68","60","62",
"USW00023272","SAN FRANCISCO DOWNTOWN, CA US","37.7705","-122.4269","45.7","2025-10-09","0.00",,"68","59","59",
"USW00023272","SAN FRANCISCO DOWNTOWN, CA US","37.7705","-122.4269","45.7","2025-10-10","0.00",,"71","55","60",
"USW00023272","SAN FRANCISCO DOWNTOWN, CA US","37.7705","-122.4269","45.7","2025-10-11","0.00",,"67","56","58",
"USW00023272","SAN FRANCISCO DOWNTOWN, CA US","37.7705","-122.4269","45.7","2025-10-12","0.00",,"70","54","57",
"USW00023272","SAN FRANCISCO DOWNTOWN, CA US","37.7705","-122.4269","45.7","2025-10-13","0.75",,"63","53","53",
"USW00023272","SAN FRANCISCO DOWNTOWN, CA US","37.7705","-122.4269","45.7","2025-10-14","0.00",,"62","51","57",
"USW00023272","SAN FRANCISCO DOWNTOWN, CA US","37.7705","-122.4269","45.7","2025-10-15","0.00",,"63","54","56",
"USW00023272","SAN FRANCISCO DOWNTOWN, CA US","37.7705","-122.4269","45.7","2025-10-16","0.00",,"66","52","56",
"USW00023272","SAN FRANCISCO DOWNTOWN, CA US","37.7705","-122.4269","45.7","2025-10-17","0.00",,"75","54","58",
"USW00023272","SAN FRANCISCO DOWNTOWN, CA US","37.7705","-122.4269","45.7","2025-10-18","0.00",,"77","57","62",
"USW00023272","SAN FRANCISCO DOWNTOWN, CA US","37.7705","-122.4269","45.7","2025-10-19","0.00",,"69","55","57",
"USW00023272","SAN FRANCISCO DOWNTOWN, CA US","37.7705","-122.4269","45.7","2025-10-20","0.00",,"78","56","64",
"USW00023272","SAN FRANCISCO DOWNTOWN, CA US","37.7705","-122.4269","45.7","2025-10-21","0.00",,"68","58","59",
"USW00023272","SAN FRANCISCO DOWNTOWN, CA US","37.7705","-122.4269","45.7","2025-10-22","0.00",,"66","57","57",
"USW00023272","SAN FRANCISCO DOWNTOWN, CA US","37.7705","-122.4269","45.7","2025-10-23","0.00",,"63","56","57",
"USW00023272","SAN FRANCISCO DOWNTOWN, CA US","37.7705","-122.4269","45.7","2025-10-24","0.00",,"63","55","56",
"USW00023272","SAN FRANCISCO DOWNTOWN, CA US","37.7705","-122.4269","45.7","2025-10-25","0.11",,"64","56","58",
"USW00023272","SAN FRANCISCO DOWNTOWN, CA US","37.7705","-122.4269","45.7","2025-10-26","0.03",,"66","55","55",
"USW00023272","SAN FRANCISCO DOWNTOWN, CA US","37.7705","-122.4269","45.7","2025-10-27","0.00",,"67","55","56",
"USW00023272","SAN FRANCISCO DOWNTOWN, CA US","37.7705","-122.4269","45.7","2025-10-28","0.00",,"74","54","59",
"USW00023272","SAN FRANCISCO DOWNTOWN, CA US","37.7705","-122.4269","45.7","2025-10-29","0.00",,"78","57","57",
"USW00023272","SAN FRANCISCO DOWNTOWN, CA US","37.7705","-122.4269","45.7","2025-10-30","0.00",,"62","55","55",
"USW00023272","SAN FRANCISCO DOWNTOWN, CA US","37.7705","-122.4269","45.7","2025-10-31","0.00",,"68","53","55",
"USW00023272","SAN FRANCISCO DOWNTOWN, CA US","37.7705","-122.4269","45.7","2025-11-01","0.00",,"65","53","57",
"USW00023272","SAN FRANCISCO DOWNTOWN, CA US","37.7705","-122.4269","45.7","2025-11-02","0.00",,"72","55","56",
"USW00023272","SAN FRANCISCO DOWNTOWN, CA US","37.7705","-122.4269","45.7","2025-11-03","0.00",,"62","52","58",
"USW00023272","SAN FRANCISCO DOWNTOWN, CA US","37.7705","-122.4269","45.7","2025-11-04","0.00",,"69","56","61",
"USW00023272","SAN FRANCISCO DOWNTOWN, CA US","37.7705","-122.4269","45.7","2025-11-05","0.08",,"65","51","59",
"USW00023272","SAN FRANCISCO DOWNTOWN, CA US","37.7705","-122.4269","45.7","2025-11-06","0.00",,"64","55","56",
"USW00023272","SAN FRANCISCO DOWNTOWN, CA US","37.7705","-122.4269","45.7","2025-11-07","0.00",,"65","54","59",
"USW00023272","SAN FRANCISCO DOWNTOWN, CA US","37.7705","-122.4269","45.7","2025-11-08","0.00",,"72","55","61",
"USW00023272","SAN FRANCISCO DOWNTOWN, CA US","37.7705","-122.4269","45.7","2025-11-09","0.00",,"76","59","65",
"USW00023272","SAN FRANCISCO DOWNTOWN, CA US","37.7705","-122.4269","45.7","2025-11-10","0.00",,"77","59","65",
"USW00023272","SAN FRANCISCO DOWNTOWN, CA US","37.7705","-122.4269","45.7","2025-11-11","0.00",,"69","57","58",
"USW00023272","SAN FRANCISCO DOWNTOWN, CA US","37.7705","-122.4269","45.7","2025-11-12","0.00",,"66","58","65",
"USW00023272","SAN FRANCISCO DOWNTOWN, CA US","37.7705","-122.4269","45.7","2025-11-13","1.28",,"66","58","58",
"USW00023272","SAN FRANCISCO DOWNTOWN, CA US","37.7705","-122.4269","45.7","2025-11-14","0.00",,"63","55","57",
"USW00023272","SAN FRANCISCO DOWNTOWN, CA US","37.7705","-122.4269","45.7","2025-11-15","0.03",,"63","56","57",
"USW00023272","SAN FRANCISCO DOWNTOWN, CA US","37.7705","-122.4269","45.7","2025-11-16","0.20",,"62","55","56",
"USW00023272","SAN FRANCISCO DOWNTOWN, CA US","37.7705","-122.4269","45.7","2025-11-17","0.67",,"56","51","51",
"USW00023272","SAN FRANCISCO DOWNTOWN, CA US","37.7705","-122.4269","45.7","2025-11-18","0.00",,"61","50","53",
"USW00023272","SAN FRANCISCO DOWNTOWN, CA US","37.7705","-122.4269","45.7","2025-11-19","0.00",,"59","53","55",
"USW00023272","SAN FRANCISCO DOWNTOWN, CA US","37.7705","-122.4269","45.7","2025-11-20","0.26",,"58","51","52",
"USW00023272","SAN FRANCISCO DOWNTOWN, CA US","37.7705","-122.4269","45.7","2025-11-21","0.00",,"64","48","54",
"USW00023272","SAN FRANCISCO DOWNTOWN, CA US","37.7705","-122.4269","45.7","2025-11-22","0.00",,"66","49","52",
"USW00023272","SAN FRANCISCO DOWNTOWN, CA US","37.7705","-122.4269","45.7","2025-11-23","0.00",,"59","51","53",
"USW00023272","SAN FRANCISCO DOWNTOWN, CA US","37.7705","-122.4269","45.7","2025-11-24","0.00",,"60","52","52",
"USW00023272","SAN FRANCISCO DOWNTOWN, CA US","37.7705","-122.4269","45.7","2025-11-25","0.00",,"58","49","51",
"USW00023272","SAN FRANCISCO DOWNTOWN, CA US","37.7705","-122.4269","45.7","2025-11-26","0.00",,"59","48","49",
"USW00023272","SAN FRANCISCO DOWNTOWN, CA US","37.7705","-122.4269","45.7","2025-11-27","0.00",,"55","47","48",
"USW00023272","SAN FRANCISCO DOWNTOWN, CA US","37.7705","-122.4269","45.7","2025-11-28","0.00",,"52","46","46",
"USW00023272","SAN FRANCISCO DOWNTOWN, CA US","37.7705","-122.4269","45.7","2025-11-29","0.00",,"55","45","47",
"USW00023272","SAN FRANCISCO DOWNTOWN, CA US","37.7705","-122.4269","45.7","2025-11-30","0.00",,"50","46","47",
"USW00023272","SAN FRANCISCO DOWNTOWN, CA US","37.7705","-122.4269","45.7","2025-12-01","0.00",,"53","45","49",
"USW00023272","SAN FRANCISCO DOWNTOWN, CA US","37.7705","-122.4269","45.7","2025-12-02","0.00",,"62","48","49",
"USW00023272","SAN FRANCISCO DOWNTOWN, CA US","37.7705","-122.4269","45.7","2025-12-03","0.00",,"64","47","51",
"USW00023272","SAN FRANCISCO DOWNTOWN, CA US","37.7705","-122.4269","45.7","2025-12-04","0.00",,"57","46","49",
"USW00023272","SAN FRANCISCO DOWNTOWN, CA US","37.7705","-122.4269","45.7","2025-12-05","0.00",,"52","45","47",
"USW00023272","SAN FRANCISCO DOWNTOWN, CA US","37.7705","-122.4269","45.7","2025-12-06","0.00",,"51","44","46",
"USW00023272","SAN FRANCISCO DOWNTOWN, CA US","37.7705","-122.4269","45.7","2025-12-07","0.00",,"51","44","45",
"USW00023272","SAN FRANCISCO DOWNTOWN, CA US","37.7705","-122.4269","45.7","2025-12-08","0.00",,"52","45","45",
"USW00023272","SAN FRANCISCO DOWNTOWN, CA US","37.7705","-122.4269","45.7","2025-12-09","0.00",,"51","44","45",
"USW00023272","SAN FRANCISCO DOWNTOWN, CA US","37.7705","-122.4269","45.7","2025-12-10","0.00",,"51","45","45",
"USW00023272","SAN FRANCISCO DOWNTOWN, CA US","37.7705","-122.4269","45.7","2025-12-11","0.00",,"52","44","45",
"USW00023272","SAN FRANCISCO DOWNTOWN, CA US","37.7705","-122.4269","45.7","2025-12-12","0.00",,"52","44","44",
"USW00023272","SAN FRANCISCO DOWNTOWN, CA US","37.7705","-122.4269","45.7","2025-12-13","0.00",,"52","41","47",
"USW00023272","SAN FRANCISCO DOWNTOWN, CA US","37.7705","-122.4269","45.7","2025-12-14","0.00",,"49","42","44",
"USW00023272","SAN FRANCISCO DOWNTOWN, CA US","37.7705","-122.4269","45.7","2025-12-15","0.00",,"54","42","47",
"USW00023272","SAN FRANCISCO DOWNTOWN, CA US","37.7705","-122.4269","45.7","2025-12-16","0.00",,"58","46","56",
"USW00023272","SAN FRANCISCO DOWNTOWN, CA US","37.7705","-122.4269","45.7","2025-12-17","0.23",,"61","51","51",
"USW00023272","SAN FRANCISCO DOWNTOWN, CA US","37.7705","-122.4269","45.7","2025-12-18","0.00",,"58","48","53",
"USW00023272","SAN FRANCISCO DOWNTOWN, CA US","37.7705","-122.4269","45.7","2025-12-19","0.39",,"63","53","58",
"USW00023272","SAN FRANCISCO DOWNTOWN, CA US","37.7705","-122.4269","45.7","2025-12-20","0.14",,"62","57","60",
"USW00023272","SAN FRANCISCO DOWNTOWN, CA US","37.7705","-122.4269","45.7","2025-12-21","0.25",,"63","58","60",
"USW00023272","SAN FRANCISCO DOWNTOWN, CA US","37.7705","-122.4269","45.7","2025-12-22","1.82",,"61","56","59",
"USW00023272","SAN FRANCISCO DOWNTOWN, CA US","37.7705","-122.4269","45.7","2025-12-23","0.19",,"62","56","60",
"USW00023272","SAN FRANCISCO DOWNTOWN, CA US","37.7705","-122.4269","45.7","2025-12-24","0.73",,"61","55","57",
"USW00023272","SAN FRANCISCO DOWNTOWN, CA US","37.7705","-122.4269","45.7","2025-12-25","0.68",,"61","51","55",
"USW00023272","SAN FRANCISCO DOWNTOWN, CA US","37.7705","-122.4269","45.7","2025-12-26","0.43",,"59","50","50",
"USW00023272","SAN FRANCISCO DOWNTOWN, CA US","37.7705","-122.4269","45.7","2025-12-27","0.00",,"55","47","49",
"USW00023272","SAN FRANCISCO DOWNTOWN, CA US","37.7705","-122.4269","45.7","2025-12-28","0.00",,"58","45","54",
"USW00023272","SAN FRANCISCO DOWNTOWN, CA US","37.7705","-122.4269","45.7","2025-12-29","0.00",,"61","48","49",
"USW00023272","SAN FRANCISCO DOWNTOWN, CA US","37.7705","-122.4269","45.7","2025-12-30","0.00",,"54","43","49",
"USW00023272","SAN FRANCISCO DOWNTOWN, CA US","37.7705","-122.4269","45.7","2025-12-31","0.54",,"53","49","51",
